,Employee_Name,EmpID,Salary,DOB,Sex,MaritalDesc,DateofHire,DateofTermination,EmploymentStatus,Department,ManagerName,PerformanceScore,Absences,Location,Partner,Amnt_Denied_Leave_Request,Remainding_Leave_Days,Carried_Over_Leave_Days,Cumulative_Leave_Days,Salary_LIABILITY,Leave_Liability
0,"Adinolfi, Wilson  K",232560,120542,07/10/83,M ,Single,7/5/2011,Active,Active,Sales and Distribution       ,Michael Albert,Exceeds,1,Kakamega,Fine Media,2,18,7,25,463.62307692307695,11590.576923076924
1,"Ait Sidi, Karthikeyan   ",236401,145970,05/05/75,M ,Married,3/30/2015,6/16/2016,Voluntarily Terminated,Customer Experince,Simon Roup,Fully Meets,17,Thika,Sheer Logic,1,6,4,10,561.4230769230769,5614.2307692307695
2,"Akinkuolie, Sarah",232365,87839,09/19/88,F,Married,7/5/2011,9/24/2012,Voluntarily Terminated,Sales and Distribution       ,Kissy Sullivan,Fully Meets,3,Murang’a,Fine Media,1,17,2,19,337.8423076923077,6419.003846153846
3,"Alagbe,Trina",236240,114516,09/27/88,F,Married,1/7/2008,Active,Active,Sales and Distribution       ,Elijiah Gray,Fully Meets,15,Bungoma,Sheer Logic,3,16,4,20,440.44615384615383,8808.923076923076
4,"Anderson, Carol ",234860,68966,09/08/89,F,Divorced,7/11/2011,9/6/2016,Voluntarily Terminated,Sales and Distribution       ,Webster Butler,Fully Meets,2,Eastleigh,Fine Media,1,20,6,26,265.25384615384615,6896.6
5,"Anderson, Linda  ",237747,102213,05/22/77,F,Single,1/9/2012,Active,Active,Sales and Distribution       ,Amy Dunn,Exceeds,15,Mombasa,Fine Media,2,13,3,16,393.12692307692305,6290.030769230769
6,"Andreola, Colby",238999,54727,05/24/79,F,Single,11/10/2014,Active,Active,Human Resource,Alex Sweetwater,Fully Meets,19,Mombasa,Sheer Logic,1,14,4,18,210.48846153846154,3788.7923076923075
7,"Athwal, Sam",239037,52699,02/18/83,M ,Widowed,9/30/2013,Active,Active,Sales and Distribution       ,Ketsia Liebig,Fully Meets,19,Umoja,Sheer Logic,2,9,4,13,202.68846153846152,2634.95
8,"Bachiochi, Linda",236367,75909,02/11/70,F,Single,7/6/2009,Active,Active,Sales and Distribution       ,Brannon Miller,Fully Meets,4,Bomet,Sheer Logic,4,18,4,22,291.9576923076923,6423.069230769231
9,"Bacong, Alejandro ",236973,66369,01/07/88,M ,Divorced,1/5/2015,Active,Active,Customer Experince,Peter Monroe,Fully Meets,16,Kericho,Sheer Logic,2,18,4,22,255.26538461538462,5615.838461538462
10,"Baczenski, Rachael  ",233417,77602,01/12/74,F,Married,1/10/2011,1/12/2017,Voluntarily Terminated,Sales and Distribution       ,David Stanley,Fully Meets,12,Nyeri,Fine Media,1,19,3,22,298.46923076923076,6566.323076923077
11,"Barbara, Thomas",239017,44365,02/21/74,M ,Married,4/2/2012,9/19/2016,Voluntarily Terminated,Sales and Distribution       ,Kissy Sullivan,Fully Meets,15,Busia,Sheer Logic,1,9,4,13,170.6346153846154,2218.25
12,"Barbossa, Hector",238874,69380,07/04/88,M ,Divorced,11/10/2014,Active,Active,Customer Experince,Simon Roup,Exceeds,9,Kibra,Sheer Logic,2,15,6,21,266.84615384615387,5603.769230769231
13,"Barone, Francesco  A",233447,61387,07/20/83,M ,Single,2/20/2012,Active,Active,Sales and Distribution       ,Kelley Spirea,Fully Meets,7,Kariobangi,Sheer Logic,4,19,7,26,236.10384615384615,6138.7
14,"Barton, Nader",233844,92257,07/15/77,M ,Divorced,9/24/2012,4/6/2017,Voluntarily Terminated,Sales and Distribution       ,Michael Albert,Fully Meets,1,Embakasi,Fine Media,1,7,2,9,354.8346153846154,3193.5115384615387
15,"Bates, Norman",234765,48205,10/18/81,M ,Single,2/21/2011,8/4/2017,Terminated for Cause,Sales and Distribution       ,Kelley Spirea,Fully Meets,20,Kibra,Fine Media,2,14,3,17,185.40384615384616,3151.8653846153848
16,"Beak, Kimberly  ",232411,149507,04/17/66,F,Married,7/21/2016,Active,Active,Sales and Distribution       ,Kelley Spirea,Exceeds,16,Westlands,Sheer Logic,2,11,4,15,575.026923076923,8625.403846153846
17,"Beatrice, Courtney ",239170,100211,10/27/70,F,Single,4/4/2011,Active,Active,Sales and Distribution       ,Elijiah Gray,Fully Meets,12,Nakuru,Sheer Logic,1,8,6,14,385.42692307692306,5395.9769230769225
18,"Becker, Renee",236036,111321,04/04/86,F,Single,7/7/2014,9/12/2015,Terminated for Cause,Customer Experince,Simon Roup,Fully Meets,8,Vihiga,Fine Media,3,14,5,19,428.1576923076923,8134.996153846154
19,"Becker, Scott",238143,147412,04/06/79,M ,Single,7/8/2013,Active,Active,Sales and Distribution       ,Webster Butler,Fully Meets,13,Mombasa,Sheer Logic,2,20,6,26,566.9692307692308,14741.2
20,"Bernstein, Sean",232140,113729,12/22/70,M ,Single,4/2/2012,Active,Active,Sales and Distribution       ,Amy Dunn,Fully Meets,13,Eastleigh,Sheer Logic,1,11,7,18,437.41923076923075,7873.546153846153
21,"Biden, Lowan  M",237253,99754,12/27/58,F,Divorced,8/19/2013,Active,Active,Sales and Distribution       ,Ketsia Liebig,Fully Meets,2,Lang’ata,Sheer Logic,4,8,6,14,383.66923076923075,5371.369230769231
22,"Billis, Helen",239234,35937,09/01/89,F,Married,7/7/2014,Active,Active,Sales and Distribution       ,Brannon Miller,Exceeds,19,Karen,Sheer Logic,1,9,5,14,138.21923076923076,1935.0692307692307
23,"Blount, Dianna",237872,100450,09/21/90,F,Single,4/4/2011,Active,Active,Sales and Distribution       ,Michael Albert,Needs Improvement,3,Bungoma,Sheer Logic,2,11,5,16,386.34615384615387,6181.538461538462
24,"Bondwell, Betsy",236508,120396,01/16/67,F,Single,1/10/2011,4/4/2014,Voluntarily Terminated,Sales and Distribution       ,Elijiah Gray,Fully Meets,5,Kirinyaga,Fine Media,3,8,2,10,463.0615384615385,4630.615384615385
25,"Booth, Frank",238706,142486,07/30/64,M ,Single,2/17/2014,2/19/2016,Terminated for Cause,Customer Experince,Simon Roup,Fully Meets,2,Kakamega,Sheer Logic,3,20,3,23,548.0230769230769,12604.530769230769
26,"Boutwell, Bonalyn",236705,69028,04/04/87,F,Married,2/16/2015,Active,Active,Admin Offices,Brandon R. LeBlanc,Fully Meets,4,South C,Fine Media,4,13,2,15,265.4923076923077,3982.3846153846152
27,"Bozzi, Charles",235600,146676,03/10/70,M ,Single,9/30/2013,8/7/2014,Voluntarily Terminated,Sales and Distribution       ,Janet King,Fully Meets,14,Nakuru,Sheer Logic,3,18,6,24,564.1384615384616,13539.323076923078
28,"Brill, Donna",239118,61505,08/24/90,F,Married,4/2/2012,6/15/2013,Voluntarily Terminated,Sales and Distribution       ,David Stanley,Fully Meets,6,Busia,Sheer Logic,1,13,6,19,236.55769230769232,4494.596153846154
29,"Brown, Mia",231608,58466,11/24/87,F,Married,10/27/2008,Active,Active,Admin Offices,Brandon R. LeBlanc,Fully Meets,14,Mumias,Fine Media,3,7,6,13,224.86923076923077,2923.3
30,"Buccheri, Joseph  ",237944,84647,07/28/83,M ,Single,9/29/2014,Active,Active,Sales and Distribution       ,Webster Butler,Fully Meets,9,Busia,Fine Media,2,8,4,12,325.56538461538463,3906.784615384616
31,"Bugali, Josephine ",233417,40325,10/30/69,F,Separated,11/11/2013,Active,Active,Sales and Distribution       ,Kissy Sullivan,Fully Meets,17,Kirinyaga,Sheer Logic,2,12,6,18,155.09615384615384,2791.730769230769
32,"Bunbury, Jessica",235747,146755,06/01/64,F,Married,8/15/2011,8/2/2014,Voluntarily Terminated,Sales,John Smith,Fully Meets,19,Bomet,Sheer Logic,2,8,2,10,564.4423076923077,5644.423076923077
33,"Burke, Joelle",232616,149955,03/02/80,F,Single,3/5/2012,Active,Active,Sales and Distribution       ,Amy Dunn,Fully Meets,3,Kilifi,Sheer Logic,3,11,6,17,576.75,9804.75
34,"Burkett, Benjamin ",235743,96413,08/19/77,M ,Married,4/4/2011,Active,Active,Sales and Distribution       ,Ketsia Liebig,Fully Meets,15,Murang’a,Sheer Logic,1,8,4,12,370.8192307692308,4449.83076923077
35,"Cady, Max ",232622,92937,11/22/66,M ,Single,8/15/2011,Active,Active,Human Resource,Jennifer Zamora,Fully Meets,4,Westlands,Fine Media,3,6,6,12,357.45,4289.4
36,"Candie, Calvin",236293,50150,08/09/83,M ,Single,1/28/2016,Active,Active,Sales and Distribution       ,Janet King,Exceeds,14,Busia,Sheer Logic,4,17,4,21,192.8846153846154,4050.5769230769233
37,"Carabbio, Judith",236966,100942,04/05/87,F,Single,11/11/2013,Active,Active,Human Resource,Alex Sweetwater,Fully Meets,3,Donholm,Fine Media,1,11,2,13,388.23846153846154,5047.1
38,"Carey, Michael  ",238771,90025,02/02/83,M ,Single,3/31/2014,Active,Active,Sales and Distribution       ,Kelley Spirea,Fully Meets,14,Kakamega,Sheer Logic,1,16,2,18,346.25,6232.5
39,"Carr, Claudia  N",238904,39647,06/06/86,F,Single,6/30/2016,Active,Active,Customer Experince,Simon Roup,Fully Meets,7,Kakamega,Fine Media,2,9,3,12,152.48846153846154,1829.8615384615384
40,"Carter, Michelle ",232290,51551,05/15/63,F,Single,8/18/2014,Active,Active,Sales,John Smith,Fully Meets,7,Vihiga,Fine Media,3,9,2,11,198.27307692307693,2181.003846153846
41,"Chace, Beatrice ",237162,149886,01/02/51,F,Single,9/29/2014,Active,Active,Sales and Distribution       ,Michael Albert,Fully Meets,11,Kirinyaga,Fine Media,4,7,7,14,576.4846153846154,8070.784615384615
42,"Champaigne, Brian",234262,131594,02/09/72,M ,Married,9/6/2016,Active,Active,Customer Experince,Jennifer Zamora,Fully Meets,8,Diani,Sheer Logic,3,10,5,15,506.1307692307692,7591.961538461538
43,"Chan, Lin",234805,98755,02/12/79,F,Single,5/12/2014,Active,Active,Sales and Distribution       ,Elijiah Gray,Fully Meets,11,Kibra,Fine Media,4,8,6,14,379.8269230769231,5317.576923076924
44,"Chang, Donovan  E",236282,83309,08/24/83,M ,Single,7/8/2013,Active,Active,Sales and Distribution       ,Webster Butler,Fully Meets,4,Karen,Fine Media,4,20,5,25,320.41923076923075,8010.480769230769
45,"Chigurh, Anton",234927,52143,06/11/70,M ,Single,5/14/2012,Active,Active,Sales,Lynn Daneault,Fully Meets,17,Kirinyaga,Sheer Logic,4,11,2,13,200.55,2607.15
46,"Chivukula, Enola",233700,44744,08/27/83,F,Single,6/27/2011,11/15/2015,Voluntarily Terminated,Sales and Distribution       ,Amy Dunn,Fully Meets,3,Donholm,Fine Media,1,6,3,9,172.09230769230768,1548.8307692307692
47,"Cierpiszewski, Caroline  ",236603,59778,05/31/88,F,Single,10/3/2011,Active,Active,Sales and Distribution       ,Ketsia Liebig,Fully Meets,3,Busia,Fine Media,1,7,4,11,229.91538461538462,2529.0692307692307
48,"Clayton, Rick",236726,35907,09/05/85,M ,Single,9/5/2012,Active,Active,Customer Experince,Eric Dougall,Fully Meets,2,Malindi,Sheer Logic,1,11,3,14,138.10384615384615,1933.4538461538461
49,"Cloninger, Jennifer",231367,110484,08/31/81,F,Married,5/16/2011,1/7/2013,Voluntarily Terminated,Sales and Distribution       ,Brannon Miller,Fully Meets,9,Karen,Fine Media,1,14,4,18,424.9384615384615,7648.892307692307
50,"Close, Phil",233638,84486,11/25/78,M ,Married,8/30/2010,9/26/2011,Voluntarily Terminated,Sales and Distribution       ,David Stanley,Fully Meets,6,Murang’a,Fine Media,2,11,4,15,324.94615384615383,4874.192307692308
51,"Clukey, Elijian",236554,43985,08/26/80,M ,Married,7/6/2016,Active,Active,Sales and Distribution       ,Brannon Miller,Exceeds,5,Kirinyaga,Sheer Logic,2,14,7,21,169.17307692307693,3552.6346153846157
52,"Cockel, James",234590,120635,09/08/77,M ,Single,7/8/2013,Active,Active,Sales and Distribution       ,David Stanley,Fully Meets,3,Embakasi,Fine Media,2,7,4,11,463.9807692307692,5103.788461538462
53,"Cole, Spencer",239289,87034,08/12/79,M ,Single,7/11/2011,9/23/2016,Terminated for Cause,Sales and Distribution       ,Kissy Sullivan,Needs Improvement,16,Diani,Sheer Logic,1,12,5,17,334.74615384615385,5690.684615384615
54,"Corleone, Michael",236688,147883,12/17/75,M ,Divorced,7/20/2010,Active,Active,Sales and Distribution       ,Janet King,Needs Improvement,3,Vihiga,Fine Media,3,19,7,26,568.7807692307692,14788.3
55,"Corleone, Vito",238335,108601,03/19/83,M ,Single,1/5/2009,Active,Active,Sales and Distribution       ,Janet King,Exceeds,15,Thika,Sheer Logic,4,9,4,13,417.69615384615383,5430.05
56,"Cornett, Lisa ",235723,115986,03/31/77,F,Married,1/5/2015,Active,Active,Sales and Distribution       ,Kelley Spirea,Fully Meets,6,Kericho,Sheer Logic,2,9,7,16,446.1,7137.6
57,"Costello, Frank",239662,93206,08/26/86,M ,Married,3/30/2015,Active,Active,Customer Experince,Simon Roup,Fully Meets,2,Diani,Sheer Logic,3,14,6,20,358.4846153846154,7169.692307692308
58,"Crimmings,   Jean",235308,72671,04/10/87,F,Single,7/6/2016,Active,Active,Sales and Distribution       ,Michael Albert,Fully Meets,15,Donholm,Fine Media,2,18,2,20,279.50384615384615,5590.076923076923
59,"Cross, Noah",239971,143366,09/09/65,M ,Single,11/10/2014,Active,Active,Customer Experince,Peter Monroe,Fully Meets,5,Mumias,Sheer Logic,4,11,3,14,551.4076923076923,7719.707692307692
60,"Daneault, Lynn",234951,89907,04/19/90,F,Single,5/5/2014,Active,Active,Sales,Debra Houlihan,Fully Meets,8,Naivasha,Fine Media,2,20,4,24,345.79615384615386,8299.107692307693
61,"Daniele, Ann  ",235876,66734,01/18/52,F,Married,11/10/2014,Active,Active,Customer Experince,Peter Monroe,Fully Meets,19,Donholm,Sheer Logic,4,16,5,21,256.66923076923075,5390.053846153845
62,"Darson, Jene'ya ",237119,49443,11/05/78,F,Married,7/2/2012,Active,Active,Sales and Distribution       ,Elijiah Gray,Fully Meets,1,Kericho,Fine Media,2,9,7,16,190.16538461538462,3042.646153846154
63,"Davis, Daniel",235897,89793,09/14/79,M ,Single,11/7/2011,Active,Active,Sales and Distribution       ,Kissy Sullivan,Fully Meets,6,Lamu,Sheer Logic,1,6,2,8,345.35769230769233,2762.8615384615387
64,"Dee, Randy",238316,106237,04/15/88,M ,Married,7/9/2018,Active,Active,Sales and Distribution       ,Brannon Miller,Fully Meets,2,Embakasi,Fine Media,2,15,4,19,408.6038461538462,7763.473076923077
65,"DeGweck,  James",234210,118296,10/31/77,M ,Married,5/16/2011,6/8/2016,Voluntarily Terminated,Sales and Distribution       ,Webster Butler,Fully Meets,14,Nyeri,Fine Media,2,15,4,19,454.9846153846154,8644.707692307693
66,"Del Bosque, Keyla",233318,77265,07/05/79,F,Single,1/9/2012,Active,Active,Human Resource,Alex Sweetwater,Fully Meets,8,Bungoma,Sheer Logic,2,19,6,25,297.1730769230769,7429.326923076923
67,"Delarge, Alex",234624,86447,11/02/75,M ,Single,9/29/2014,Active,Active,Sales,John Smith,PIP,5,Lang’ata,Fine Media,3,12,7,19,332.48846153846154,6317.280769230769
68,"Demita, Carla",239517,101739,02/25/51,F,Separated,4/4/2011,11/4/2015,Voluntarily Terminated,Sales and Distribution       ,Kelley Spirea,Fully Meets,1,Umoja,Sheer Logic,1,10,4,14,391.30384615384617,5478.253846153846
69,"Desimone, Carl ",235610,58960,04/19/67,M ,Married,7/7/2014,Active,Active,Sales and Distribution       ,Amy Dunn,PIP,9,Mumias,Sheer Logic,3,12,6,18,226.76923076923077,4081.846153846154
70,"DeVito, Tommy",232708,110624,09/04/83,M ,Single,2/15/2017,Active,Active,Customer Experince,Brian Champaigne,Fully Meets,15,Embakasi,Sheer Logic,4,14,2,16,425.4769230769231,6807.630769230769
71,"Dickinson, Geoff ",239151,143679,11/15/82,M ,Single,5/12/2014,Active,Active,Sales and Distribution       ,Ketsia Liebig,Fully Meets,1,Kibra,Sheer Logic,3,19,2,21,552.6115384615384,11604.842307692306
72,"Dietrich, Jenna  ",237678,60039,05/14/87,F,Single,2/20/2012,Active,Active,Sales,John Smith,PIP,17,Westlands,Fine Media,2,19,3,22,230.91923076923078,5080.223076923077
73,"DiNocco, Lily ",236026,36890,12/02/78,F,Married,1/7/2013,Active,Active,Sales and Distribution       ,Brannon Miller,Needs Improvement,6,Mumias,Sheer Logic,4,16,7,23,141.8846153846154,3263.346153846154
74,"Dobrin, Denisa  S",232666,68458,10/07/86,F,Single,4/2/2012,Active,Active,Sales and Distribution       ,David Stanley,Fully Meets,15,Diani,Sheer Logic,1,15,3,18,263.3,4739.400000000001
75,"Dolan, Linda",233813,67400,07/18/88,F,Married,1/5/2015,Active,Active,Customer Experince,Peter Monroe,Fully Meets,16,Lang’ata,Sheer Logic,1,19,7,26,259.2307692307692,6740.0
76,"Dougall, Eric",232769,68307,07/09/70,M ,Single,1/5/2014,Active,Active,Customer Experince,Jennifer Zamora,Exceeds,4,Busia,Fine Media,2,12,2,14,262.71923076923076,3678.0692307692307
77,"Driver, Elle",238840,31490,11/08/88,F,Single,1/10/2011,Active,Active,Sales,Lynn Daneault,Exceeds,14,Umoja,Sheer Logic,2,16,4,20,121.11538461538461,2422.3076923076924
78,"Dunn, Amy  ",233470,78037,11/28/73,F,Single,9/18/2014,Active,Active,Sales and Distribution       ,Janet King,Fully Meets,4,Lamu,Sheer Logic,2,19,3,22,300.14230769230767,6603.130769230769
79,"Dunne, Amy",235933,67921,09/23/73,F,Married,4/26/2010,Active,Active,Sales and Distribution       ,Ketsia Liebig,Fully Meets,6,Lang’ata,Fine Media,4,11,2,13,261.2346153846154,3396.05
80,"Eaton, Marianne",235251,89816,09/05/91,F,Married,4/4/2011,6/6/2017,Voluntarily Terminated,Sales and Distribution       ,Kissy Sullivan,Fully Meets,7,Kericho,Fine Media,1,16,7,23,345.44615384615383,7945.261538461538
81,"Engdahl, Jean",236654,145477,05/31/74,M ,Single,11/10/2014,Active,Active,Sales and Distribution       ,Kelley Spirea,Fully Meets,8,Murang’a,Sheer Logic,1,20,5,25,559.526923076923,13988.173076923076
82,"England, Rex",237807,69873,08/25/78,M ,Married,3/31/2014,Active,Active,Sales and Distribution       ,Kelley Spirea,Fully Meets,3,Kilifi,Sheer Logic,3,19,2,21,268.7423076923077,5643.588461538461
83,"Erilus, Angela",235217,141067,08/25/89,F,Separated,7/7/2014,Active,Active,Sales and Distribution       ,Michael Albert,PIP,5,Mombasa,Fine Media,2,20,6,26,542.5653846153846,14106.699999999999
84,"Estremera, Miguel",231059,76635,09/02/83,M ,Single,4/2/2012,9/27/2018,Terminated for Cause,Sales and Distribution       ,Michael Albert,Needs Improvement,16,Lang’ata,Fine Media,2,18,5,23,294.75,6779.25
85,"Evensen, April",231575,133085,05/06/89,F,Single,2/17/2014,2/25/2018,Terminated for Cause,Sales and Distribution       ,Elijiah Gray,Needs Improvement,19,Malindi,Fine Media,1,8,6,14,511.86538461538464,7166.115384615385
86,"Exantus, Susan",239743,112303,05/15/87,F,Married,5/2/2011,6/5/2013,Terminated for Cause,Human Resource,Alex Sweetwater,Needs Improvement,19,Kariobangi,Fine Media,1,8,2,10,431.93461538461537,4319.346153846153
87,"Faller, Megan ",233137,113890,09/22/78,F,Married,7/7/2014,Active,Active,Sales and Distribution       ,Elijiah Gray,Fully Meets,17,Westlands,Fine Media,1,19,3,22,438.03846153846155,9636.846153846154
88,"Fancett, Nicole",234148,147977,09/27/87,F,Single,2/17/2014,Active,Active,Sales and Distribution       ,Webster Butler,Fully Meets,7,Eldoret,Sheer Logic,4,18,4,22,569.1423076923077,12521.13076923077
89,"Ferguson, Susan",236399,120624,04/14/55,F,Married,11/7/2011,5/17/2016,Voluntarily Terminated,Sales and Distribution       ,Webster Butler,Fully Meets,16,Malindi,Fine Media,1,13,7,20,463.9384615384615,9278.76923076923
90,"Fernandes, Nilson  ",239450,141703,10/18/89,M ,Married,5/11/2015,Active,Active,Sales and Distribution       ,Amy Dunn,PIP,15,Embakasi,Fine Media,4,9,4,13,545.0115384615384,7085.15
91,"Fett, Boba",236420,146114,06/18/87,M ,Single,3/30/2015,Active,Active,Customer Experince,Peter Monroe,PIP,2,Kiambu,Fine Media,1,14,4,18,561.9769230769231,10115.584615384616
92,"Fidelia,  Libby",237576,137287,03/16/81,F,Married,1/9/2012,Active,Active,Sales and Distribution       ,Brannon Miller,Fully Meets,19,Bungoma,Sheer Logic,1,15,3,18,528.026923076923,9504.484615384614
93,"Fitzpatrick, Michael  J",237323,82272,10/01/81,M ,Single,5/16/2011,6/24/2013,Voluntarily Terminated,Sales and Distribution       ,Amy Dunn,Fully Meets,20,Eldoret,Fine Media,2,10,5,15,316.4307692307692,4746.461538461538
94,"Foreman, Tanya",236144,149103,11/08/83,F,Married,4/4/2011,1/9/2013,Voluntarily Terminated,Sales and Distribution       ,Ketsia Liebig,Fully Meets,6,Kakamega,Sheer Logic,3,12,5,17,573.473076923077,9749.042307692309
95,"Forrest, Alex",234903,130252,07/07/75,M ,Married,9/29/2014,8/19/2018,Terminated for Cause,Sales,Lynn Daneault,PIP,7,Lamu,Fine Media,1,13,3,16,500.96923076923076,8015.507692307692
96,"Foss, Jason",231274,72795,07/05/80,M ,Single,4/15/2011,Active,Active,Customer Experince,Jennifer Zamora,Exceeds,15,Nyeri,Fine Media,4,14,2,16,279.9807692307692,4479.692307692308
97,"Foster-Baker, Amy",237194,58214,04/16/79,F,Married,1/5/2009,Active,Active,Admin Offices,Board of Directors,Fully Meets,3,Kilifi,Sheer Logic,3,8,2,10,223.9,2239.0
98,"Fraval, Maruk ",235612,119833,08/28/63,M ,Single,9/6/2011,Active,Active,Sales,Lynn Daneault,Fully Meets,7,Eastleigh,Fine Media,4,16,5,21,460.8961538461538,9678.81923076923
99,"Galia, Lisa",235272,65060,07/06/68,F,Single,5/1/2010,Active,Active,Customer Experince,Eric Dougall,Fully Meets,1,South C,Fine Media,3,15,4,19,250.23076923076923,4754.384615384615
100,"Garcia, Raul",239661,138483,09/15/85,M ,Single,3/30/2015,Active,Active,Sales and Distribution       ,David Stanley,Fully Meets,5,Embakasi,Sheer Logic,1,17,3,20,532.626923076923,10652.538461538461
101,"Gaul, Barbara",237861,129771,12/02/83,F,Single,5/16/2011,Active,Active,Sales and Distribution       ,Kelley Spirea,Fully Meets,12,Embakasi,Fine Media,4,11,4,15,499.1192307692308,7486.788461538462
102,"Gentry, Mildred",237211,34277,10/01/90,F,Married,3/30/2015,Active,Active,Sales and Distribution       ,Michael Albert,Fully Meets,19,Karen,Fine Media,1,15,6,21,131.83461538461538,2768.5269230769227
103,"Gerke, Melisa",236359,104864,05/15/70,F,Divorced,11/7/2011,11/15/2016,Voluntarily Terminated,Sales and Distribution       ,Elijiah Gray,Fully Meets,2,Kibra,Sheer Logic,2,18,2,20,403.32307692307694,8066.461538461539
104,"Gill, Whitney  ",235803,115344,07/10/71,F,Widowed,7/7/2014,9/5/2015,Terminated for Cause,Sales,John Smith,Fully Meets,7,Vihiga,Fine Media,1,15,6,21,443.6307692307692,9316.246153846154
105,"Gilles, Alex",238810,114609,08/09/74,M ,Married,4/2/2012,6/25/2015,Voluntarily Terminated,Sales and Distribution       ,Webster Butler,Needs Improvement,15,Embakasi,Sheer Logic,3,12,5,17,440.80384615384617,7493.665384615385
106,"Girifalco, Evelyn",234446,85593,05/08/80,F,Single,9/29/2014,Active,Active,Sales and Distribution       ,Amy Dunn,Exceeds,3,Bungoma,Fine Media,1,17,3,20,329.20384615384614,6584.076923076923
107,"Givens, Myriam",237775,34210,09/22/89,F,Single,2/16/2015,Active,Active,Sales,Lynn Daneault,Fully Meets,20,Naivasha,Sheer Logic,4,7,3,10,131.57692307692307,1315.7692307692307
108,"Goble, Taisha",235845,50961,10/23/71,F,Single,2/16/2015,3/15/2015,Terminated for Cause,Customer Experince,Simon Roup,Fully Meets,10,Kirinyaga,Fine Media,3,13,5,18,196.00384615384615,3528.0692307692307
109,"Goeth, Amon",236383,121710,11/24/89,M ,Married,3/30/2015,Active,Active,Customer Experince,Peter Monroe,Fully Meets,20,Malindi,Fine Media,1,18,2,20,468.11538461538464,9362.307692307693
110,"Gold, Shenice  ",239240,35496,06/18/92,F,Single,11/11/2013,Active,Active,Sales and Distribution       ,Ketsia Liebig,Fully Meets,7,Karen,Sheer Logic,1,17,3,20,136.52307692307693,2730.4615384615386
111,"Gonzalez, Cayo",238334,87964,09/29/69,M ,Divorced,7/11/2011,Active,Active,Sales and Distribution       ,Brannon Miller,Exceeds,1,Malindi,Sheer Logic,1,15,2,17,338.32307692307694,5751.492307692308
112,"Gonzalez, Juan",239134,107579,10/12/64,M ,Married,4/26/2010,5/30/2011,Voluntarily Terminated,Sales and Distribution       ,Brannon Miller,PIP,10,Umoja,Fine Media,4,14,5,19,413.7653846153846,7861.542307692308
113,"Gonzalez, Maria",234515,103121,04/16/81,F,Separated,1/5/2015,Active,Active,Customer Experince,Peter Monroe,Fully Meets,11,Umoja,Fine Media,3,15,5,20,396.6192307692308,7932.384615384616
114,"Good, Susan",232631,34216,05/25/86,F,Married,5/12/2014,Active,Active,Sales and Distribution       ,David Stanley,Fully Meets,20,Kibra,Sheer Logic,1,16,4,20,131.6,2632.0
115,"Gordon, David",236499,67280,05/21/79,M ,Married,7/2/2012,Active,Active,Sales and Distribution       ,David Stanley,Fully Meets,2,Malindi,Fine Media,2,20,5,25,258.7692307692308,6469.2307692307695
116,"Gosciminski, Phylicia  ",236751,51026,12/08/83,F,Separated,9/30/2013,Active,Active,Sales and Distribution       ,Kissy Sullivan,Fully Meets,1,Donholm,Sheer Logic,4,9,4,13,196.25384615384615,2551.3
117,"Goyal, Roxana",237639,100939,10/09/74,F,Married,8/19/2013,Active,Active,Sales and Distribution       ,Kissy Sullivan,Fully Meets,3,Nyeri,Sheer Logic,4,15,7,22,388.2269230769231,8540.992307692308
118,"Gray, Elijiah  ",234493,80691,07/11/81,M ,Divorced,6/2/2015,Active,Active,Sales and Distribution       ,Janet King,Fully Meets,2,Westlands,Sheer Logic,4,18,4,22,310.35,6827.700000000001
119,"Gross, Paula",233834,60534,05/21/83,F,Divorced,2/21/2011,1/11/2014,Voluntarily Terminated,Sales and Distribution       ,Kelley Spirea,Fully Meets,17,Kilifi,Sheer Logic,3,15,7,22,232.8230769230769,5122.107692307692
120,"Gruber, Hans",237528,74951,06/30/89,M ,Married,4/20/2017,Active,Active,Customer Experince,Brian Champaigne,Fully Meets,8,Umoja,Sheer Logic,1,20,4,24,288.2730769230769,6918.553846153846
121,"Guilianno, Mike",236349,130498,02/09/69,M ,Single,3/7/2012,10/31/2014,Voluntarily Terminated,Sales,John Smith,Fully Meets,20,Lamu,Sheer Logic,3,6,4,10,501.9153846153846,5019.153846153846
122,"Handschiegl, Joanne",232174,42556,03/23/77,F,Married,11/28/2011,Active,Active,Sales and Distribution       ,Michael Albert,Fully Meets,13,Kakamega,Fine Media,2,9,3,12,163.6769230769231,1964.123076923077
123,"Hankard, Earnest",238227,93743,08/10/88,M ,Single,11/11/2013,Active,Active,Sales and Distribution       ,Kelley Spirea,Fully Meets,20,Nakuru,Sheer Logic,1,14,5,19,360.55,6850.45
124,"Harrington, Christie ",231941,73101,08/18/52,F,Single,1/9/2012,12/15/2015,Voluntarily Terminated,Sales and Distribution       ,Webster Butler,Fully Meets,8,Kilifi,Sheer Logic,1,15,4,19,281.1576923076923,5341.996153846154
125,"Harrison, Kara",231667,43690,05/02/74,F,Married,5/12/2014,Active,Active,Sales and Distribution       ,Amy Dunn,Exceeds,5,Kilifi,Sheer Logic,3,11,5,16,168.03846153846155,2688.6153846153848
126,"Heitzman, Anthony",231711,82096,01/04/84,M ,Single,8/13/2012,Active,Active,Sales and Distribution       ,Ketsia Liebig,Fully Meets,1,Mumias,Sheer Logic,4,7,2,9,315.75384615384615,2841.7846153846153
127,"Hendrickson, Trina",232073,138172,08/27/72,F,Single,1/10/2011,6/18/2013,Voluntarily Terminated,Sales and Distribution       ,Kelley Spirea,Fully Meets,15,Donholm,Sheer Logic,3,6,3,9,531.4307692307692,4782.876923076923
128,"Hitchcock, Alfred",237300,143640,09/14/88,M ,Married,8/18/2014,Active,Active,Sales,John Smith,Fully Meets,9,Bungoma,Fine Media,1,20,6,26,552.4615384615385,14364.0
129,"Homberger, Adrienne  J",239484,92412,02/16/84,F,Married,8/15/2011,4/7/2012,Voluntarily Terminated,Sales and Distribution       ,Michael Albert,Fully Meets,16,Karen,Sheer Logic,1,13,2,15,355.4307692307692,5331.461538461538
130,"Horton, Jayne",235759,54828,02/21/84,F,Single,3/30/2015,Active,Active,Customer Experince,Simon Roup,Fully Meets,4,Diani,Sheer Logic,3,19,5,24,210.87692307692308,5061.046153846154
131,"Houlihan, Debra",233673,84818,03/17/66,F,Married,5/5/2014,Active,Active,Sales,Janet King,Fully Meets,19,Nakuru,Sheer Logic,3,8,6,14,326.2230769230769,4567.123076923077
132,"Howard, Estelle",232502,65024,09/16/85,F,Married,2/16/2015,4/15/2015,Terminated for Cause,Admin Offices,Brandon R. LeBlanc,Fully Meets,6,Murang’a,Fine Media,4,18,2,20,250.09230769230768,5001.846153846153
133,"Hudson, Jane",237916,144365,06/10/86,F,Single,2/20/2012,Active,Active,Sales and Distribution       ,Ketsia Liebig,Fully Meets,4,Bungoma,Fine Media,1,13,6,19,555.25,10549.75
134,"Hunts, Julissa",232893,69523,03/11/84,F,Single,6/6/2016,Active,Active,Sales and Distribution       ,Elijiah Gray,Fully Meets,4,South C,Fine Media,2,15,3,18,267.3961538461538,4813.130769230769
135,"Hutter, Rosalie",237897,103802,05/07/92,F,Separated,6/5/2015,Active,Active,Sales and Distribution       ,Webster Butler,Fully Meets,6,Karen,Sheer Logic,4,20,7,27,399.23846153846154,10779.43846153846
136,"Huynh, Ming",239808,122670,09/22/76,F,Divorced,2/21/2011,4/1/2013,Voluntarily Terminated,Sales and Distribution       ,Amy Dunn,Fully Meets,18,Umoja,Fine Media,2,16,3,19,471.8076923076923,8964.346153846154
137,"Immediato, Walter",235641,45733,11/15/76,M ,Married,2/21/2011,9/24/2012,Voluntarily Terminated,Sales and Distribution       ,Janet King,Needs Improvement,4,Kilifi,Fine Media,3,7,4,11,175.89615384615385,1934.8576923076923
138,"Ivey, Rose ",236730,42234,01/28/91,F,Single,8/19/2013,Active,Active,Sales and Distribution       ,Brannon Miller,Fully Meets,14,Mumias,Sheer Logic,4,20,4,24,162.43846153846152,3898.5230769230766
139,"Jackson, Maryellen",231903,69372,09/11/72,F,Single,11/5/2012,Active,Active,Sales and Distribution       ,David Stanley,Fully Meets,7,Diani,Sheer Logic,1,17,2,19,266.81538461538463,5069.492307692308
140,"Jacobi, Hannah  ",238862,118353,03/22/66,F,Divorced,9/30/2013,Active,Active,Sales and Distribution       ,Kissy Sullivan,Fully Meets,7,Vihiga,Sheer Logic,3,11,3,14,455.20384615384614,6372.8538461538465
141,"Jeannite, Tayana",235101,132685,11/06/86,F,Divorced,7/5/2011,Active,Active,Sales and Distribution       ,Ketsia Liebig,Exceeds,11,Lang’ata,Fine Media,1,10,2,12,510.3269230769231,6123.923076923077
142,"Jhaveri, Sneha  ",236706,86986,04/13/64,F,Separated,1/6/2014,Active,Active,Sales and Distribution       ,Kelley Spirea,Fully Meets,9,Vihiga,Sheer Logic,3,15,5,20,334.5615384615385,6691.2307692307695
143,"Johnson, George",236643,148780,08/19/59,M ,Married,11/7/2011,4/29/2018,Voluntarily Terminated,Sales and Distribution       ,Michael Albert,Exceeds,9,Kakamega,Fine Media,1,12,6,18,572.2307692307693,10300.153846153848
144,"Johnson, Noelle ",232854,95931,11/07/86,F,Married,1/5/2015,Active,Active,Customer Experince,Simon Roup,Fully Meets,2,Kilifi,Sheer Logic,2,13,4,17,368.9653846153846,6272.411538461538
145,"Johnston, Yen",238364,94024,09/08/69,F,Single,7/7/2014,Active,Active,Sales and Distribution       ,Brannon Miller,Exceeds,1,Naivasha,Sheer Logic,1,11,6,17,361.6307692307692,6147.723076923076
146,"Jung, Judy  ",233107,137217,04/17/86,F,Married,1/10/2011,4/1/2016,Voluntarily Terminated,Sales and Distribution       ,Elijiah Gray,Fully Meets,4,Thika,Fine Media,4,14,5,19,527.7576923076923,10027.396153846154
147,"Kampew, Donysha",235224,37576,11/11/89,F,Single,11/7/2011,4/24/2014,Voluntarily Terminated,Sales,Debra Houlihan,Fully Meets,2,Nakuru,Fine Media,4,15,6,21,144.52307692307693,3034.9846153846156
148,"Keatts, Kramer ",238388,63299,01/19/76,M ,Single,9/30/2013,Active,Active,Sales and Distribution       ,Michael Albert,Fully Meets,10,Kirinyaga,Sheer Logic,1,12,4,16,243.4576923076923,3895.3230769230768
149,"Khemmich, Bartholemew",236685,31602,11/27/79,M ,Single,8/19/2013,Active,Active,Sales,Lynn Daneault,Fully Meets,13,Lang’ata,Fine Media,3,7,4,11,121.54615384615384,1337.0076923076922
150,"King, Janet",234920,108827,09/21/54,F,Married,7/2/2012,Active,Active,Executive Office,Board of Directors,Fully Meets,10,Kibra,Sheer Logic,2,12,4,16,418.56538461538463,6697.046153846154
151,"Kinsella, Kathleen  ",232302,137548,12/08/73,F,Married,9/26/2011,6/4/2015,Voluntarily Terminated,Sales and Distribution       ,Webster Butler,Fully Meets,16,Malindi,Sheer Logic,3,18,7,25,529.0307692307692,13225.76923076923
152,"Kirill, Alexandra  ",234737,126194,10/08/70,F,Married,9/26/2011,1/9/2014,Voluntarily Terminated,Sales and Distribution       ,Amy Dunn,Fully Meets,6,Kiambu,Fine Media,2,8,3,11,485.3615384615385,5338.976923076923
153,"Knapp, Bradley  J",238043,38006,11/10/77,M ,Single,2/17/2014,Active,Active,Sales and Distribution       ,Ketsia Liebig,Fully Meets,3,Lang’ata,Sheer Logic,2,15,3,18,146.1769230769231,2631.1846153846154
154,"Kretschmer, John",239927,144420,02/02/80,M ,Married,1/10/2011,Active,Active,Sales and Distribution       ,Brannon Miller,Fully Meets,17,Eastleigh,Fine Media,4,18,3,21,555.4615384615385,11664.692307692307
155,"Kreuger, Freddy",231249,72023,02/24/69,M ,Single,3/7/2011,Active,Active,Sales,John Smith,Fully Meets,20,Kirinyaga,Fine Media,3,15,4,19,277.01153846153846,5263.219230769231
156,"Lajiri,  Jyoti",238270,92689,04/23/86,M ,Married,11/10/2014,Active,Active,Customer Experince,Peter Monroe,Fully Meets,7,Diani,Sheer Logic,4,18,6,24,356.49615384615385,8555.907692307692
157,"Landa, Hans",233640,114378,07/01/72,M ,Married,1/10/2011,12/12/2015,Terminated for Cause,Sales and Distribution       ,Janet King,Fully Meets,9,Kibra,Fine Media,4,19,7,26,439.9153846153846,11437.8
158,"Langford, Lindsey",239985,46531,07/25/79,F,Divorced,1/7/2013,3/31/2014,Voluntarily Terminated,Sales and Distribution       ,David Stanley,Fully Meets,20,Kericho,Sheer Logic,3,6,5,11,178.9653846153846,1968.6192307692306
159,"Langton, Enrico",232411,39477,12/09/86,M ,Married,7/9/2012,Active,Active,Sales and Distribution       ,David Stanley,Fully Meets,13,Kiambu,Fine Media,1,12,4,16,151.83461538461538,2429.353846153846
160,"LaRotonda, William  ",238976,54042,04/26/84,M ,Divorced,1/6/2014,Active,Active,Admin Offices,Brandon R. LeBlanc,Fully Meets,3,Bomet,Fine Media,4,6,4,10,207.85384615384615,2078.5384615384614
161,"Latif, Mohammed",239344,128668,05/09/84,M ,Married,4/2/2012,4/15/2013,Voluntarily Terminated,Sales and Distribution       ,Kissy Sullivan,Fully Meets,20,Nakuru,Fine Media,2,20,7,27,494.87692307692305,13361.676923076922
162,"Le, Binh",235822,111514,06/14/87,F,Single,10/2/2016,Active,Active,Customer Experince,Brian Champaigne,Fully Meets,2,Kericho,Sheer Logic,2,15,4,19,428.9,8149.099999999999
163,"Leach, Dallas",235908,100955,01/17/79,F,Single,9/26/2011,8/19/2018,Voluntarily Terminated,Sales and Distribution       ,Kissy Sullivan,Fully Meets,17,Nyeri,Sheer Logic,1,20,7,27,388.28846153846155,10483.788461538461
164,"LeBlanc, Brandon  R",233443,110808,06/10/84,M ,Married,1/5/2016,Active,Active,Admin Offices,Janet King,Fully Meets,20,Kakamega,Fine Media,3,14,7,21,426.18461538461537,8949.876923076923
165,"Lecter, Hannibal",232960,108008,09/02/82,M ,Married,5/14/2012,Active,Active,Sales and Distribution       ,Elijiah Gray,Fully Meets,10,Nyeri,Fine Media,1,6,6,12,415.4153846153846,4984.984615384616
166,"Leruth, Giovanni",231306,116892,12/27/88,M ,Separated,4/30/2012,Active,Active,Sales,John Smith,Fully Meets,16,Eldoret,Sheer Logic,1,14,6,20,449.5846153846154,8991.692307692309
167,"Liebig, Ketsia",231747,133004,10/26/81,F,Married,9/30/2013,Active,Active,Sales and Distribution       ,Janet King,Exceeds,11,Murang’a,Sheer Logic,4,8,4,12,511.55384615384617,6138.6461538461535
168,"Linares, Marilyn ",231228,44606,03/26/81,F,Married,7/5/2011,9/26/2018,Voluntarily Terminated,Sales and Distribution       ,Michael Albert,Fully Meets,16,Mombasa,Sheer Logic,2,14,4,18,171.56153846153848,3088.1076923076926
169,"Linden, Mathew",232699,30013,03/19/79,M ,Married,7/8/2013,Active,Active,Sales and Distribution       ,Kelley Spirea,Fully Meets,7,Kibra,Fine Media,1,10,2,12,115.43461538461538,1385.2153846153847
170,"Lindsay, Leonara ",235238,45809,10/05/88,F,Single,1/21/2011,Active,Active,Customer Experince,Eric Dougall,Exceeds,14,Donholm,Fine Media,3,20,3,23,176.18846153846152,4052.334615384615
171,"Lundy, Susan",234371,46621,12/26/76,F,Widowed,7/8/2013,9/15/2016,Voluntarily Terminated,Sales and Distribution       ,Michael Albert,Fully Meets,15,Kakamega,Sheer Logic,3,15,3,18,179.31153846153848,3227.6076923076926
172,"Lunquist, Lisa",236248,40871,03/28/82,F,Single,8/19/2013,Active,Active,Sales and Distribution       ,Elijiah Gray,Exceeds,19,Murang’a,Sheer Logic,4,18,2,20,157.19615384615383,3143.9230769230767
173,"Lydon, Allison",235882,114196,10/22/75,F,Married,2/16/2015,Active,Active,Sales and Distribution       ,Elijiah Gray,Fully Meets,6,Karen,Fine Media,2,16,5,21,439.2153846153846,9223.523076923077
174,"Lynch, Lindsay",233350,110750,02/14/73,F,Single,11/7/2011,11/14/2015,Voluntarily Terminated,Sales and Distribution       ,Webster Butler,Exceeds,17,Kariobangi,Fine Media,3,18,2,20,425.96153846153845,8519.23076923077
175,"MacLennan, Samuel",231174,62134,11/09/72,M ,Widowed,9/24/2012,9/26/2017,Voluntarily Terminated,Sales and Distribution       ,Amy Dunn,Fully Meets,18,Karen,Sheer Logic,3,7,7,14,238.97692307692307,3345.6769230769232
176,"Mahoney, Lauren  ",236928,128655,07/07/86,F,Single,1/6/2014,Active,Active,Sales and Distribution       ,Ketsia Liebig,Fully Meets,14,Nyeri,Sheer Logic,3,13,2,15,494.8269230769231,7422.403846153847
177,"Manchester, Robyn",239499,51615,08/25/76,F,Married,5/11/2016,Active,Active,Sales and Distribution       ,Webster Butler,Fully Meets,4,Umoja,Fine Media,2,11,2,13,198.51923076923077,2580.75
178,"Mancuso, Karen",235647,48912,12/10/86,F,Married,7/5/2011,8/19/2012,Voluntarily Terminated,Sales and Distribution       ,Amy Dunn,Fully Meets,16,Kibra,Fine Media,3,14,6,20,188.12307692307692,3762.4615384615386
179,"Mangal, Debbie",239957,120189,11/07/74,F,Married,11/11/2013,Active,Active,Sales and Distribution       ,Brannon Miller,Fully Meets,11,Lang’ata,Fine Media,2,20,4,24,462.2653846153846,11094.36923076923
180,"Martin, Sandra",231153,84787,11/07/87,F,Single,11/11/2013,Active,Active,Human Resource,Alex Sweetwater,Fully Meets,14,Kakamega,Sheer Logic,1,7,5,12,326.1038461538462,3913.246153846154
181,"Maurice, Shana",234791,100348,11/22/77,F,Married,5/31/2011,Active,Active,Sales and Distribution       ,David Stanley,Fully Meets,8,South C,Sheer Logic,2,6,4,10,385.95384615384614,3859.5384615384614
182,"Carthy, B'rigit",231871,40359,05/21/87,F,Single,3/30/2015,Active,Active,Sales and Distribution       ,Ketsia Liebig,Fully Meets,16,Karen,Sheer Logic,1,18,4,22,155.22692307692307,3414.992307692308
183,"Mckenna, Sandy",237053,89049,01/07/87,F,Married,1/7/2013,Active,Active,Sales and Distribution       ,Kissy Sullivan,Fully Meets,20,Busia,Fine Media,1,18,4,22,342.49615384615385,7534.915384615385
184,"McKinzie, Jac",238705,114185,07/01/84,M ,Married,7/6/2016,Active,Active,Sales,Lynn Daneault,Fully Meets,7,Diani,Sheer Logic,4,13,4,17,439.1730769230769,7465.942307692308
185,"Meads, Elizabeth",232697,97694,05/30/68,F,Single,4/2/2012,11/11/2016,Voluntarily Terminated,Sales and Distribution       ,Kelley Spirea,Fully Meets,17,Malindi,Fine Media,1,17,3,20,375.74615384615385,7514.923076923077
186,"Medeiros, Jennifer",235833,124528,09/22/76,F,Single,3/30/2015,Active,Active,Sales and Distribution       ,Michael Albert,Fully Meets,10,Nakuru,Fine Media,2,12,5,17,478.95384615384614,8142.215384615384
187,"Miller, Brannon",239827,112946,08/10/81,M ,Single,8/16/2012,Active,Active,Sales and Distribution       ,Janet King,Fully Meets,2,Mumias,Sheer Logic,1,8,6,14,434.4076923076923,6081.707692307692
188,"Miller, Ned",238104,80435,06/29/85,M ,Single,8/15/2011,9/4/2014,Voluntarily Terminated,Sales and Distribution       ,Brannon Miller,PIP,6,Kiambu,Fine Media,1,9,7,16,309.36538461538464,4949.846153846154
189,"Monkfish, Erasumus",237885,76867,08/17/92,M ,Married,11/7/2011,Active,Active,Sales and Distribution       ,David Stanley,Fully Meets,14,Donholm,Sheer Logic,1,11,7,18,295.64230769230767,5321.561538461538
190,"Monroe, Peter",234168,112846,10/05/86,M ,Married,2/15/2012,Active,Active,Customer Experince,Jennifer Zamora,Needs Improvement,13,Kilifi,Sheer Logic,4,19,6,25,434.0230769230769,10850.576923076924
191,"Monterro, Luisa",233956,71526,04/24/70,F,Single,5/13/2013,Active,Active,Sales and Distribution       ,Kissy Sullivan,Exceeds,1,Kibra,Fine Media,3,15,3,18,275.1,4951.8
192,"Moran, Patrick",233254,80799,12/03/76,M ,Single,1/9/2012,Active,Active,Sales and Distribution       ,Kelley Spirea,Fully Meets,12,Eldoret,Sheer Logic,2,16,6,22,310.7653846153846,6836.838461538462
193,"Morway, Tanya",238332,138339,04/04/79,F,Married,2/16/2015,Active,Active,Customer Experince,Peter Monroe,Fully Meets,6,Nyeri,Sheer Logic,3,15,2,17,532.0730769230769,9045.242307692308
194,"Motlagh,  Dawn",234093,75024,07/07/84,F,Divorced,4/1/2013,Active,Active,Sales and Distribution       ,Elijiah Gray,Fully Meets,18,Mumias,Fine Media,3,14,5,19,288.55384615384617,5482.5230769230775
195,"Moumanil, Maliki ",237162,84627,12/01/74,M ,Separated,5/13/2013,Active,Active,Sales and Distribution       ,Michael Albert,Fully Meets,11,Kericho,Fine Media,1,10,6,16,325.48846153846154,5207.815384615385
196,"Myers, Michael",235602,40573,04/18/80,M ,Single,7/8/2013,Active,Active,Sales and Distribution       ,Kissy Sullivan,Fully Meets,13,Naivasha,Fine Media,2,14,3,17,156.05,2652.8500000000004
197,"Navathe, Kurt",235047,138208,04/25/70,M ,Single,2/10/2017,Active,Active,Customer Experince,Brian Champaigne,Fully Meets,17,Donholm,Sheer Logic,3,16,4,20,531.5692307692308,10631.384615384615
198,"Ndzi, Colombui",235134,141942,05/02/89,M ,Single,9/26/2011,4/4/2014,Voluntarily Terminated,Sales and Distribution       ,Webster Butler,Fully Meets,19,Malindi,Sheer Logic,4,16,5,21,545.9307692307692,11464.546153846153
199,"Ndzi, Horia",233694,138086,03/28/83,M ,Married,4/1/2013,5/25/2016,Voluntarily Terminated,Sales and Distribution       ,Amy Dunn,Fully Meets,10,Bomet,Sheer Logic,3,16,6,22,531.1,11684.2
200,"Newman, Richard ",235272,114932,04/08/77,M ,Married,5/12/2014,Active,Active,Sales and Distribution       ,Ketsia Liebig,Fully Meets,11,Bomet,Fine Media,4,7,7,14,442.04615384615386,6188.6461538461535
201,"Ngodup, Shari ",232267,45559,06/03/67,F,Separated,4/1/2013,Active,Active,Sales and Distribution       ,Brannon Miller,Exceeds,12,Mombasa,Fine Media,3,19,4,23,175.22692307692307,4030.2192307692308
202,"Nguyen, Dheepa",239775,148741,03/31/89,F,Single,7/8/2013,Active,Active,Sales,Lynn Daneault,Fully Meets,2,Busia,Sheer Logic,2,16,6,22,572.0807692307692,12585.776923076923
203,"Nguyen, Lei-Ming",231127,82245,07/07/84,F,Single,7/8/2013,Active,Active,Sales and Distribution       ,David Stanley,Fully Meets,4,Lamu,Sheer Logic,1,18,3,21,316.3269230769231,6642.865384615385
204,"Nowlan, Kristie",231170,77014,11/23/85,F,Single,11/10/2014,Active,Active,Sales and Distribution       ,Elijiah Gray,Fully Meets,5,Nyeri,Fine Media,3,10,3,13,296.2076923076923,3850.7
205,"O'hare, Lynn",235808,137935,09/30/80,F,Single,3/31/2014,5/1/2018,Terminated for Cause,Sales and Distribution       ,Kissy Sullivan,PIP,3,Kericho,Sheer Logic,1,13,4,17,530.5192307692307,9018.826923076922
206,"Oliver, Brooke ",236819,32362,02/11/52,F,Married,5/14/2012,8/19/2013,Voluntarily Terminated,Sales and Distribution       ,Webster Butler,Fully Meets,17,Kariobangi,Fine Media,1,16,3,19,124.46923076923076,2364.9153846153845
207,"Onque, Jasmine",238839,111080,05/11/90,F,Single,9/30/2013,Active,Active,Sales,Lynn Daneault,Fully Meets,1,Kilifi,Sheer Logic,2,14,5,19,427.2307692307692,8117.384615384615
208,"Osturnka, Adeel",235599,80906,12/11/76,M ,Married,9/30/2013,Active,Active,Sales and Distribution       ,Kelley Spirea,Exceeds,13,Nyeri,Sheer Logic,1,11,6,17,311.17692307692306,5290.007692307692
209,"Owad, Clinton",232482,62217,11/24/79,M ,Single,2/17/2014,Active,Active,Sales and Distribution       ,Michael Albert,Needs Improvement,6,Mumias,Sheer Logic,4,19,5,24,239.29615384615386,5743.107692307693
210,"Ozark, Travis",237503,84062,05/19/82,M ,Single,1/5/2015,Active,Active,Sales,John Smith,Fully Meets,18,Kiambu,Fine Media,3,17,2,19,323.31538461538463,6142.992307692308
211,"Panjwani, Nina",232619,59754,05/01/79,F,Married,2/7/2011,1/12/2014,Voluntarily Terminated,Sales and Distribution       ,Elijiah Gray,Fully Meets,7,Bomet,Fine Media,4,14,7,21,229.8230769230769,4826.284615384615
212,"Patronick, Lucas",237431,121177,02/20/79,M ,Single,11/7/2011,9/7/2015,Voluntarily Terminated,Human Resource,Alex Sweetwater,Exceeds,13,South C,Sheer Logic,4,10,2,12,466.06538461538463,5592.784615384616
213,"Pearson, Randall",235886,40979,09/05/84,M ,Married,12/1/2014,5/1/2016,Voluntarily Terminated,Customer Experince,Simon Roup,Fully Meets,19,Westlands,Sheer Logic,3,17,2,19,157.61153846153846,2994.619230769231
214,"Smith, Martin",234781,95052,03/17/88,M ,Single,1/10/2011,12/28/2017,Voluntarily Terminated,Sales and Distribution       ,Webster Butler,Needs Improvement,15,Nyeri,Sheer Logic,2,15,4,19,365.5846153846154,6946.107692307693
215,"Pelletier, Ermine",238796,52417,07/18/89,F,Married,7/5/2011,9/15/2015,Voluntarily Terminated,Sales and Distribution       ,Amy Dunn,Needs Improvement,2,Karen,Fine Media,4,19,6,25,201.60384615384615,5040.096153846153
216,"Perry, Shakira",232170,33248,07/20/86,F,Single,5/16/2011,10/25/2015,Voluntarily Terminated,Sales and Distribution       ,Amy Dunn,Fully Meets,5,Eastleigh,Sheer Logic,4,10,6,16,127.87692307692308,2046.0307692307692
217,"Peters, Lauren",237097,131902,08/17/86,F,Married,5/16/2011,2/4/2013,Voluntarily Terminated,Sales and Distribution       ,Ketsia Liebig,Exceeds,12,Westlands,Fine Media,1,17,5,22,507.31538461538463,11160.938461538462
218,"Peterson, Ebonee  ",232315,54176,05/09/77,F,Married,10/25/2010,5/18/2016,Voluntarily Terminated,Sales and Distribution       ,Janet King,Fully Meets,6,Nakuru,Fine Media,3,19,6,25,208.36923076923077,5209.2307692307695
219,"Petingill, Shana  ",238215,100377,03/10/79,F,Married,4/2/2012,Active,Active,Sales and Distribution       ,Brannon Miller,Fully Meets,14,Kibra,Sheer Logic,2,15,2,17,386.06538461538463,6563.111538461539
220,"Petrowsky, Thelma",236030,118507,09/16/84,F,Married,11/10/2014,Active,Active,Customer Experince,Simon Roup,Exceeds,16,Kilifi,Fine Media,3,12,5,17,455.79615384615386,7748.534615384616
221,"Pham, Hong",232900,36808,03/06/88,M ,Married,7/5/2011,11/30/2012,Voluntarily Terminated,Sales and Distribution       ,Brannon Miller,Fully Meets,13,Kariobangi,Fine Media,2,13,6,19,141.56923076923076,2689.8153846153846
222,"Pitt, Brad ",236128,54109,11/23/81,M ,Single,11/5/2007,Active,Active,Sales and Distribution       ,David Stanley,Fully Meets,15,Murang’a,Fine Media,1,20,6,26,208.11153846153846,5410.9
223,"Potts, Xana",236651,71223,08/29/88,F,Married,1/9/2012,Active,Active,Sales,Lynn Daneault,Fully Meets,9,Westlands,Sheer Logic,4,17,2,19,273.93461538461537,5204.757692307692
224,"Power, Morissa",232378,63985,10/15/84,F,Divorced,5/16/2011,6/4/2018,Voluntarily Terminated,Sales and Distribution       ,Kissy Sullivan,Fully Meets,14,Mumias,Fine Media,4,12,6,18,246.09615384615384,4429.7307692307695
225,"Punjabhi, Louis  ",232273,93784,06/19/61,M ,Single,1/6/2014,Active,Active,Sales and Distribution       ,Kelley Spirea,Fully Meets,14,Lamu,Sheer Logic,2,7,3,10,360.7076923076923,3607.076923076923
226,"Purinton, Janine",236192,66362,09/22/70,F,Divorced,9/24/2012,6/18/2013,Voluntarily Terminated,Sales and Distribution       ,Kissy Sullivan,Fully Meets,16,Kericho,Sheer Logic,4,20,7,27,255.23846153846154,6891.4384615384615
227,"Quinn, Sean",237971,71549,11/06/84,M ,Married,2/21/2011,8/15/2015,Voluntarily Terminated,Human Resource,Janet King,Fully Meets,4,South C,Sheer Logic,4,6,3,9,275.1884615384615,2476.6961538461537
228,"Rachael, Maggie",239443,96826,05/12/80,F,Married,10/2/2016,Active,Active,Customer Experince,Brian Champaigne,Fully Meets,10,Embakasi,Sheer Logic,4,14,3,17,372.4076923076923,6330.930769230768
229,"Rarrick, Quinn",237943,108901,12/31/84,M ,Divorced,9/26/2011,4/7/2018,Voluntarily Terminated,Sales and Distribution       ,Michael Albert,Fully Meets,19,Kirinyaga,Sheer Logic,4,6,3,9,418.85,3769.65
230,"Ren, Kylo",233111,106557,10/12/54,M ,Married,5/12/2014,Active,Active,Sales,John Smith,Fully Meets,4,Nyeri,Sheer Logic,4,14,6,20,409.8346153846154,8196.692307692309
231,"Rhoads, Thomas",233333,38551,07/22/82,M ,Divorced,5/16/2011,1/15/2016,Voluntarily Terminated,Sales and Distribution       ,Elijiah Gray,Fully Meets,11,Vihiga,Sheer Logic,1,11,7,18,148.27307692307693,2668.915384615385
232,"Rivera, Haley  ",231154,54785,01/12/73,F,Married,11/28/2011,Active,Active,Sales and Distribution       ,Webster Butler,Exceeds,16,Mombasa,Sheer Logic,3,11,4,15,210.71153846153845,3160.6730769230767
233,"Roberson, May",231461,133701,09/05/81,F,Divorced,9/26/2011,10/22/2011,Voluntarily Terminated,Sales and Distribution       ,David Stanley,Fully Meets,10,Murang’a,Fine Media,2,9,3,12,514.2346153846154,6170.815384615385
234,"Robertson, Peter",238895,136358,07/03/72,M ,Married,7/5/2011,2/8/2012,Voluntarily Terminated,Sales and Distribution       ,Kissy Sullivan,Fully Meets,13,Busia,Sheer Logic,2,7,2,9,524.4538461538461,4720.084615384615
235,"Robinson, Alain  ",236985,70844,01/07/74,M ,Married,1/10/2011,1/26/2016,Voluntarily Terminated,Sales and Distribution       ,Amy Dunn,Fully Meets,11,Kiambu,Sheer Logic,3,8,7,15,272.4769230769231,4087.153846153846
236,"Robinson, Cherly",231114,71346,01/07/85,F,Married,1/10/2011,5/17/2016,Terminated for Cause,Sales and Distribution       ,Ketsia Liebig,Needs Improvement,16,Karen,Sheer Logic,4,13,2,15,274.4076923076923,4116.115384615385
237,"Robinson, Elias",233524,134768,01/28/85,M ,Widowed,7/8/2013,Active,Active,Sales and Distribution       ,Brannon Miller,Exceeds,4,Umoja,Fine Media,1,16,4,20,518.3384615384615,10366.76923076923
238,"Roby, Lori ",234198,35241,10/11/81,F,Married,2/16/2015,Active,Active,Customer Experince,Simon Roup,Fully Meets,15,Kariobangi,Sheer Logic,3,7,6,13,135.5423076923077,1762.0500000000002
239,"Roehrich, Bianca",231447,69457,05/27/73,F,Single,1/5/2015,11/10/2018,Voluntarily Terminated,Customer Experince,Simon Roup,Fully Meets,12,Mombasa,Sheer Logic,1,18,7,25,267.14230769230767,6678.5576923076915
240,"Roper, Katie",231639,71766,11/21/72,F,Single,1/7/2017,Active,Active,Customer Experince,Brian Champaigne,Fully Meets,17,Bomet,Sheer Logic,4,6,7,13,276.0230769230769,3588.3
241,"Rose, Ashley  ",239406,40620,12/05/74,F,Separated,1/6/2014,Active,Active,Sales and Distribution       ,David Stanley,Fully Meets,8,Murang’a,Fine Media,3,12,5,17,156.23076923076923,2655.9230769230767
242,"Rossetti, Bruno",234112,142227,03/18/87,M ,Single,4/4/2011,8/13/2018,Voluntarily Terminated,Sales and Distribution       ,Kissy Sullivan,Fully Meets,4,Mumias,Fine Media,2,8,3,11,547.026923076923,6017.296153846153
243,"Roup,Simon",235524,59375,04/05/73,M ,Single,1/20/2013,Active,Active,Customer Experince,Jennifer Zamora,Fully Meets,13,Kirinyaga,Fine Media,3,6,2,8,228.3653846153846,1826.923076923077
244,"Ruiz, Ricardo",232972,146972,01/04/64,M ,Divorced,1/9/2012,11/4/2015,Voluntarily Terminated,Customer Experince,Jennifer Zamora,Fully Meets,8,Mombasa,Sheer Logic,2,19,5,24,565.276923076923,13566.646153846152
245,"Saada, Adell",236891,130014,07/24/86,F,Married,11/5/2012,Active,Active,Human Resource,Alex Sweetwater,Fully Meets,2,Nakuru,Fine Media,1,14,6,20,500.05384615384617,10001.076923076924
246,"Saar-Beckles, Melinda",234637,133943,06/06/68,F,Single,7/4/2016,Active,Active,Sales and Distribution       ,Kelley Spirea,Needs Improvement,4,Mombasa,Fine Media,1,8,4,12,515.1653846153846,6181.984615384616
247,"Sadki, Nore  ",239955,60324,12/21/74,M ,Single,1/5/2009,7/30/2018,Voluntarily Terminated,Sales and Distribution       ,Michael Albert,Fully Meets,7,Lang’ata,Fine Media,4,13,6,19,232.01538461538462,4408.292307692308
248,"Sahoo, Adil",237495,116004,04/26/86,M ,Married,8/30/2010,Active,Active,Sales and Distribution       ,Kelley Spirea,Fully Meets,13,Bungoma,Sheer Logic,3,8,7,15,446.16923076923075,6692.538461538461
249,"Salter, Jason",233234,56845,12/17/87,M ,Divorced,1/5/2015,10/31/2015,Voluntarily Terminated,Customer Experince,Simon Roup,Fully Meets,2,Vihiga,Fine Media,1,12,6,18,218.6346153846154,3935.423076923077
250,"Sander, Kamrin",239175,137741,07/10/88,F,Married,9/29/2014,Active,Active,Sales and Distribution       ,Elijiah Gray,Fully Meets,2,Karen,Fine Media,3,10,4,14,529.7730769230769,7416.823076923077
251,"Sewkumar, Nori",238590,146350,03/10/75,F,Single,9/30/2013,Active,Active,Sales and Distribution       ,Webster Butler,Fully Meets,14,Kibra,Fine Media,3,6,2,8,562.8846153846154,4503.076923076923
252,"Shepard, Anita ",231444,44173,04/14/81,F,Married,9/30/2014,Active,Active,Customer Experince,Peter Monroe,Fully Meets,7,Nakuru,Fine Media,4,11,6,17,169.89615384615385,2888.2346153846156
253,"Shields, Seffi",238231,111821,08/24/85,F,Married,8/19/2013,Active,Active,Sales and Distribution       ,Amy Dunn,Fully Meets,15,South C,Fine Media,2,16,7,23,430.08076923076925,9891.857692307693
254,"Simard, Kramer",231146,41280,02/08/70,M ,Married,1/5/2015,Active,Active,Customer Experince,Simon Roup,Fully Meets,16,Nakuru,Sheer Logic,4,12,7,19,158.76923076923077,3016.6153846153848
255,"Singh, Nan ",231122,99865,05/19/88,F,Single,5/1/2015,Active,Active,Admin Offices,Brandon R. LeBlanc,Fully Meets,2,Karen,Sheer Logic,3,11,7,18,384.09615384615387,6913.7307692307695
256,"Sloan, Constance",236576,143278,11/25/87,F,Single,10/26/2009,4/8/2015,Voluntarily Terminated,Sales and Distribution       ,Michael Albert,Fully Meets,20,Eldoret,Fine Media,1,15,7,22,551.0692307692308,12123.523076923077
257,"Smith, Joe",231981,31132,10/30/63,M ,Single,9/29/2014,Active,Active,Sales and Distribution       ,Elijiah Gray,Exceeds,4,Busia,Fine Media,1,16,5,21,119.73846153846154,2514.507692307692
258,"Smith, John",233700,109079,08/16/84,M ,Divorced,5/18/2014,Active,Active,Sales,Debra Houlihan,Needs Improvement,16,Busia,Fine Media,1,13,2,15,419.5346153846154,6293.0192307692305
259,"Smith, Leigh Ann",232399,45305,06/14/87,F,Married,9/26/2011,9/25/2013,Voluntarily Terminated,Admin Offices,Brandon R. LeBlanc,Fully Meets,17,Kericho,Fine Media,3,10,2,12,174.25,2091.0
260,"Smith, Sade",239477,88987,02/02/65,F,Single,11/11/2013,Active,Active,Sales and Distribution       ,Ketsia Liebig,Fully Meets,16,Naivasha,Sheer Logic,3,18,3,21,342.2576923076923,7187.411538461539
261,"Soto, Julia ",231006,32984,03/12/73,F,Married,6/10/2011,Active,Active,Customer Experince,Eric Dougall,Fully Meets,19,Murang’a,Fine Media,3,18,2,20,126.86153846153846,2537.230769230769
262,"Soze, Keyser",238621,63204,02/09/83,M ,Married,6/30/2016,Active,Active,Customer Experince,Peter Monroe,Fully Meets,13,Thika,Fine Media,2,8,5,13,243.09230769230768,3160.2
263,"Sparks, Taylor  ",234903,83443,07/20/68,F,Married,2/20/2012,Active,Active,Sales and Distribution       ,Brannon Miller,PIP,20,Thika,Sheer Logic,3,6,7,13,320.93461538461537,4172.15
264,"Spirea, Kelley",231811,127103,09/30/75,F,Married,10/2/2012,Active,Active,Sales and Distribution       ,Janet King,Fully Meets,15,Mombasa,Fine Media,4,20,2,22,488.85769230769233,10754.86923076923
265,"Squatrito, Kristen",235850,80176,03/26/73,F,Divorced,5/13/2013,6/29/2015,Voluntarily Terminated,Sales and Distribution       ,David Stanley,Exceeds,16,Mombasa,Fine Media,4,20,7,27,308.3692307692308,8325.969230769231
266,"Stanford,Barbara  M",233319,81950,08/25/82,F,Divorced,1/10/2011,Active,Active,Sales and Distribution       ,Kissy Sullivan,Fully Meets,9,Kakamega,Sheer Logic,2,18,3,21,315.1923076923077,6619.038461538461
267,"Stansfield, Norman",239727,122076,05/09/74,M ,Married,5/12/2014,Active,Active,Sales,Lynn Daneault,PIP,5,Bomet,Sheer Logic,4,15,4,19,469.5230769230769,8920.938461538462
268,"Steans, Tyrone  ",233457,71578,09/01/86,M ,Single,9/29/2014,Active,Active,Admin Offices,Brandon R. LeBlanc,Fully Meets,9,South C,Fine Media,2,13,5,18,275.3,4955.400000000001
269,"Stoica, Rick",235644,117488,03/14/85,M ,Married,2/17/2014,Active,Active,Sales and Distribution       ,Kelley Spirea,Fully Meets,4,Murang’a,Sheer Logic,2,18,6,24,451.87692307692305,10845.046153846153
270,"Strong, Caitrin",237142,37107,05/12/89,F,Married,9/27/2010,Active,Active,Sales,John Smith,Fully Meets,18,Embakasi,Sheer Logic,4,20,7,27,142.71923076923076,3853.4192307692306
271,"Sullivan, Kissy ",237586,73344,03/28/78,F,Married,1/8/2009,Active,Active,Sales and Distribution       ,Janet King,Fully Meets,12,Mombasa,Fine Media,1,13,3,16,282.0923076923077,4513.476923076923
272,"Sullivan, Timothy",236300,92595,10/07/82,M ,Married,1/5/2015,Active,Active,Sales and Distribution       ,Michael Albert,Fully Meets,10,Nakuru,Sheer Logic,3,13,5,18,356.13461538461536,6410.423076923076
273,"Sutwell, Barbara",235954,109177,08/15/68,F,Single,5/14/2012,Active,Active,Sales and Distribution       ,Elijiah Gray,Fully Meets,13,Malindi,Sheer Logic,4,19,2,21,419.91153846153844,8818.142307692307
274,"Szabo, Andrew",234729,87793,05/06/83,M ,Single,7/7/2014,Active,Active,Human Resource,Alex Sweetwater,Exceeds,1,Busia,Sheer Logic,3,16,4,20,337.6653846153846,6753.3076923076915
275,"Tannen, Biff",233917,57563,10/24/87,M ,Married,4/20/2017,Active,Active,Customer Experince,Brian Champaigne,Fully Meets,14,Vihiga,Sheer Logic,4,17,5,22,221.39615384615385,4870.715384615385
276,"Tavares, Desiree  ",239197,128721,04/03/75,F,Married,4/27/2009,4/1/2013,Voluntarily Terminated,Sales and Distribution       ,Webster Butler,Fully Meets,11,Embakasi,Fine Media,1,13,2,15,495.08076923076925,7426.211538461539
277,"Tejeda, Lenora ",238940,128555,05/24/53,F,Married,5/16/2011,7/8/2017,Voluntarily Terminated,Sales and Distribution       ,Elijiah Gray,Fully Meets,3,South C,Fine Media,1,14,3,17,494.4423076923077,8405.51923076923
278,"Terry, Sharlene ",231844,62055,05/07/65,F,Single,9/29/2014,Active,Active,Sales,Lynn Daneault,Fully Meets,18,South C,Sheer Logic,1,10,2,12,238.67307692307693,2864.0769230769233
279,"Theamstern, Sophia",239034,96850,05/09/65,F,Single,7/5/2011,9/5/2016,Voluntarily Terminated,Sales and Distribution       ,Amy Dunn,Fully Meets,1,Westlands,Sheer Logic,4,17,5,22,372.5,8195.0
280,"Thibaud, Kenneth",234377,105584,09/16/75,M ,Widowed,6/25/2007,8/30/2010,Voluntarily Terminated,Sales and Distribution       ,Webster Butler,Fully Meets,15,Thika,Fine Media,4,20,6,26,406.0923076923077,10558.400000000001
281,"Tippett, Jeanette",232823,74774,06/05/67,F,Divorced,2/18/2013,Active,Active,Sales and Distribution       ,Brannon Miller,Fully Meets,4,Westlands,Sheer Logic,2,7,6,13,287.5923076923077,3738.7000000000003
282,"Torrence, Jack",234557,90192,01/15/68,M ,Separated,1/9/2006,Active,Active,Sales,Lynn Daneault,Exceeds,6,Nyeri,Sheer Logic,3,14,5,19,346.89230769230767,6590.953846153846
283,"Trang, Mei",239667,121660,05/16/83,F,Single,2/17/2014,Active,Active,Sales and Distribution       ,David Stanley,Needs Improvement,18,Thika,Sheer Logic,2,7,7,14,467.9230769230769,6550.923076923076
284,"Tredinnick, Neville ",234848,33977,05/05/88,M ,Married,1/5/2015,2/12/2016,Voluntarily Terminated,Customer Experince,Peter Monroe,Fully Meets,11,Thika,Sheer Logic,2,13,6,19,130.68076923076924,2482.9346153846154
285,"True, Edward",231024,133701,06/14/83,M ,Single,2/18/2013,4/15/2018,Voluntarily Terminated,Human Resource,Alex Sweetwater,Fully Meets,9,Murang’a,Fine Media,1,19,3,22,514.2346153846154,11313.161538461538
286,"Trzeciak, Cybil",238200,149316,03/15/85,F,Single,1/10/2011,7/2/2014,Voluntarily Terminated,Sales and Distribution       ,Amy Dunn,Fully Meets,5,Thika,Sheer Logic,4,13,4,17,574.2923076923076,9762.96923076923
287,"Turpin, Jumil",236918,74200,03/31/69,M ,Married,3/30/2015,Active,Active,Customer Experince,Peter Monroe,Fully Meets,8,Kakamega,Fine Media,4,6,4,10,285.38461538461536,2853.8461538461534
288,"Valentin,Jackie",234545,40846,05/23/91,F,Married,7/5/2011,Active,Active,Sales,John Smith,Fully Meets,16,Kibra,Sheer Logic,4,16,4,20,157.1,3142.0
289,"Veera, Abdellah ",235411,47033,01/31/87,M ,Divorced,8/13/2012,2/5/2016,Voluntarily Terminated,Sales and Distribution       ,Kissy Sullivan,Exceeds,15,Naivasha,Fine Media,2,14,6,20,180.89615384615385,3617.923076923077
290,"Vega, Vincent",233671,45641,10/10/68,M ,Divorced,8/1/2011,Active,Active,Sales and Distribution       ,Janet King,Fully Meets,19,Bomet,Fine Media,3,6,7,13,175.5423076923077,2282.05
291,"Villanueva, Noah",236930,43778,07/11/89,M ,Single,3/5/2012,Active,Active,Sales,John Smith,Fully Meets,11,Malindi,Fine Media,1,19,7,26,168.37692307692308,4377.8
292,"Voldemort, Lord",237686,52651,08/07/86,M ,Married,2/16/2015,2/22/2017,Terminated for Cause,Customer Experince,Simon Roup,Fully Meets,9,Kibra,Fine Media,2,9,3,12,202.50384615384615,2430.046153846154
293,"Volk, Colleen",235053,44988,06/03/86,F,Married,9/26/2011,2/8/2016,Terminated for Cause,Sales and Distribution       ,Kelley Spirea,Exceeds,18,Kibra,Fine Media,3,13,5,18,173.03076923076924,3114.5538461538463
294,"Von Massenbach, Anna",236048,117044,04/06/85,F,Single,7/5/2015,Active,Active,Sales and Distribution       ,Michael Albert,Fully Meets,7,Busia,Sheer Logic,2,16,7,23,450.16923076923075,10353.892307692307
295,"Walker, Roger",237604,58815,02/10/76,M ,Single,8/18/2014,Active,Active,Sales and Distribution       ,Ketsia Liebig,Fully Meets,4,Lamu,Sheer Logic,4,14,4,18,226.21153846153845,4071.8076923076924
296,"Wallace, Courtney  E",238495,31381,11/14/55,F,Married,9/26/2011,1/2/2012,Voluntarily Terminated,Sales and Distribution       ,Janet King,Fully Meets,5,Westlands,Sheer Logic,2,16,2,18,120.69615384615385,2172.5307692307692
297,"Wallace, Theresa",232408,133646,08/02/80,F,Single,8/13/2012,9/1/2015,Voluntarily Terminated,Sales and Distribution       ,Elijiah Gray,Needs Improvement,13,Eldoret,Sheer Logic,4,12,5,17,514.0230769230769,8738.392307692307
298,"Wang, Charlie",233187,61048,07/08/81,M ,Single,2/15/2017,Active,Active,Customer Experince,Brian Champaigne,Fully Meets,17,Embakasi,Fine Media,2,12,5,17,234.8,3991.6000000000004
299,"Warfield, Sarah",238939,145338,05/02/78,F,Widowed,3/30/2015,Active,Active,Customer Experince,Peter Monroe,Fully Meets,7,Mumias,Sheer Logic,1,6,6,12,558.9923076923077,6707.907692307692
300,"Whittier, Scott",232519,94905,05/24/87,M ,Single,1/10/2011,5/15/2014,Voluntarily Terminated,Sales and Distribution       ,Webster Butler,Fully Meets,11,Kericho,Sheer Logic,3,10,2,12,365.0192307692308,4380.2307692307695
301,"Wilber, Barry",236602,100798,09/09/65,M ,Married,5/16/2011,9/7/2015,Voluntarily Terminated,Sales and Distribution       ,Amy Dunn,Fully Meets,7,Malindi,Fine Media,4,19,7,26,387.68461538461537,10079.8
302,"Wilkes, Annie",232492,100141,07/30/83,F,Divorced,1/10/2011,5/14/2012,Voluntarily Terminated,Sales and Distribution       ,Ketsia Liebig,Fully Meets,9,Nyeri,Fine Media,2,13,2,15,385.1576923076923,5777.365384615385
303,"Williams, Jacquelyn  ",239640,109407,10/02/69,F,Single,1/9/2012,6/27/2015,Voluntarily Terminated,Sales and Distribution       ,Ketsia Liebig,Fully Meets,16,Bungoma,Fine Media,2,15,7,22,420.79615384615386,9257.515384615384
304,"Winthrop, Jordan  ",238962,47760,11/07/58,M ,Single,1/7/2013,2/21/2016,Voluntarily Terminated,Sales and Distribution       ,Brannon Miller,Exceeds,7,Kilifi,Sheer Logic,2,19,5,24,183.69230769230768,4408.615384615385
305,"Wolk, Hang  T",238868,78409,04/20/85,F,Single,9/29/2014,Active,Active,Sales and Distribution       ,David Stanley,Fully Meets,14,Nyeri,Fine Media,1,20,5,25,301.57307692307694,7539.326923076924
306,"Woodson, Jason",234854,45935,05/11/85,M ,Single,7/7/2014,Active,Active,Sales and Distribution       ,Kissy Sullivan,Fully Meets,13,Karen,Fine Media,4,15,7,22,176.67307692307693,3886.8076923076924
307,"Ybarra, Catherine ",236966,50134,05/04/82,F,Single,9/2/2008,9/29/2015,Voluntarily Terminated,Sales and Distribution       ,Brannon Miller,PIP,4,Bungoma,Sheer Logic,2,13,5,18,192.8230769230769,3470.8153846153846
308,"Zamora, Jennifer",235483,125537,08/30/79,F,Single,4/10/2010,Active,Active,Customer Experince,Janet King,Exceeds,16,Kakamega,Fine Media,4,12,4,16,482.8346153846154,7725.3538461538465
309,"Zhou, Julia",231838,96728,02/24/79,F,Single,3/30/2015,Active,Active,Customer Experince,Simon Roup,Fully Meets,11,Malindi,Sheer Logic,1,18,5,23,372.03076923076924,8556.707692307693
310,"Zima, Colleen",238881,45510,08/17/78,F,Widowed,9/29/2014,Active,Active,Sales and Distribution       ,David Stanley,Fully Meets,2,Bomet,Sheer Logic,4,18,4,22,175.03846153846155,3850.8461538461543
